Participant_ID,Hours_Spent
1,9.041651524
2,9.628682047
3,7.787330052
4,7.607586752
5,11.62505164
6,12.71248006
7,9.855979757
8,12.0070658
9,10.72327205
10,8.709760491
11,10.72279121
12,13.07607313
13,9.928347922
14,13.12928731
15,4.760509792
16,11.64380501
17,10.17409414
18,9.401985299
19,10.18352155
20,6.024862171
21,9.560656224
22,10.71422514
23,12.95578809
24,8.963459563
25,8.383012794
26,8.996485913
27,11.83080424
28,10.65750222
29,8.940479592
30,11.02653487
